{"stats":{"minecraft:used":{"minecraft:redstone_torch":3,"minecraft:dirt":1,"minecraft:tnt":27,"minecraft:ender_pearl":5},"minecraft:picked_up":{"minecraft:rotten_flesh":2,"minecraft:mutton":2,"minecraft:dirt":1,"minecraft:white_wool":1},"minecraft:custom":{"minecraft:time_since_rest":43331,"minecraft:crouch_one_cm":514,"minecraft:sprint_one_cm":11140,"minecraft:play_time":44884,"minecraft:damage_taken":265,"minecraft:deaths":1,"minecraft:walk_one_cm":49509,"minecraft:bell_ring":2,"minecraft:sneak_time":501,"minecraft:walk_under_water_one_cm":4363,"minecraft:mob_kills":2,"minecraft:drop":2,"minecraft:jump":170,"minecraft:damage_dealt":390,"minecraft:leave_game":5,"minecraft:walk_on_water_one_cm":2255,"minecraft:time_since_death":43305,"minecraft:climb_one_cm":69,"minecraft:total_world_time":44884,"minecraft:fly_one_cm":548245,"minecraft:horse_one_cm":120},"minecraft:killed":{"minecraft:sheep":1},"minecraft:dropped":{"minecraft:mutton":2,"minecraft:white_wool":1},"minecraft:killed_by":{"minecraft:zombie_villager":1},"minecraft:mined":{"minecraft:grass_block":1}},"DataVersion":3465}