{"stats":{"minecraft:killed_by":{"minecraft:zombie_villager":1},"minecraft:killed":{"minecraft:sheep":1},"minecraft:custom":{"minecraft:time_since_rest":33717,"minecraft:crouch_one_cm":458,"minecraft:sprint_one_cm":11140,"minecraft:play_time":35270,"minecraft:damage_taken":265,"minecraft:deaths":1,"minecraft:walk_one_cm":46873,"minecraft:bell_ring":2,"minecraft:sneak_time":412,"minecraft:walk_under_water_one_cm":4363,"minecraft:mob_kills":2,"minecraft:drop":2,"minecraft:jump":167,"minecraft:damage_dealt":390,"minecraft:leave_game":4,"minecraft:walk_on_water_one_cm":2255,"minecraft:time_since_death":33691,"minecraft:climb_one_cm":69,"minecraft:total_world_time":35270,"minecraft:fly_one_cm":453726,"minecraft:horse_one_cm":120},"minecraft:mined":{"minecraft:grass_block":1},"minecraft:dropped":{"minecraft:mutton":2,"minecraft:white_wool":1},"minecraft:used":{"minecraft:redstone_torch":3,"minecraft:dirt":1,"minecraft:tnt":27,"minecraft:ender_pearl":5},"minecraft:picked_up":{"minecraft:rotten_flesh":2,"minecraft:mutton":2,"minecraft:dirt":1,"minecraft:white_wool":1}},"DataVersion":3465}