{"stats":{"minecraft:used":{"sophisticatedbackpacks:copper_backpack":1,"alexsmobs:animal_dictionary":1,"minecraft:sand":12},"minecraft:custom":{"minecraft:jump":73,"minecraft:open_chest":4,"minecraft:time_since_rest":13482,"minecraft:crouch_one_cm":273,"minecraft:leave_game":5,"minecraft:play_time":13482,"minecraft:sprint_one_cm":9209,"minecraft:damage_taken":110,"minecraft:time_since_death":13482,"minecraft:walk_one_cm":13400,"minecraft:sneak_time":119,"minecraft:total_world_time":13482,"minecraft:fall_one_cm":3306,"minecraft:fly_one_cm":25761}},"DataVersion":3465}