{"stats":{"minecraft:dropped":{"minecraft:mutton":2,"minecraft:white_wool":1},"minecraft:picked_up":{"minecraft:mutton":2,"minecraft:dirt":1,"minecraft:white_wool":1},"minecraft:used":{"minecraft:redstone_torch":3,"minecraft:dirt":1,"minecraft:tnt":27,"minecraft:ender_pearl":5},"minecraft:custom":{"minecraft:time_since_rest":18973,"minecraft:crouch_one_cm":458,"minecraft:sprint_one_cm":6169,"minecraft:play_time":20526,"minecraft:damage_taken":265,"minecraft:deaths":1,"minecraft:walk_one_cm":31547,"minecraft:bell_ring":2,"minecraft:sneak_time":412,"minecraft:walk_under_water_one_cm":4363,"minecraft:mob_kills":1,"minecraft:drop":2,"minecraft:jump":96,"minecraft:damage_dealt":321,"minecraft:leave_game":1,"minecraft:walk_on_water_one_cm":2255,"minecraft:time_since_death":18947,"minecraft:climb_one_cm":69,"minecraft:total_world_time":20526,"minecraft:fly_one_cm":343842,"minecraft:horse_one_cm":120},"minecraft:mined":{"minecraft:grass_block":1},"minecraft:killed_by":{"minecraft:zombie_villager":1},"minecraft:killed":{"minecraft:sheep":1}},"DataVersion":3465}